{
  "model_type": "LogisticRegression",
  "is_trained": true,
  "training_date": "2026-01-29T22:26:10.248407",
  "feature_names": [
    "age",
    "sex",
    "cp",
    "trestbps",
    "chol",
    "fbs",
    "restecg",
    "thalach",
    "exang",
    "oldpeak",
    "slope",
    "ca",
    "thal"
  ],
  "metrics": {
    "cv_f1_scores": [
      0.847457627118644,
      0.8461538461538461,
      0.7407407407407407,
      0.8679245283018868,
      0.8679245283018868
    ],
    "cv_f1_mean": 0.834040254123401,
    "cv_f1_std": 0.04759800895125835,
    "f1_score": 0.8405797101449275,
    "roc_auc_score": 0.8906926406926408,
    "confusion_matrix": [
      [
        21,
        7
      ],
      [
        4,
        29
      ]
    ],
    "classification_report": {
      "0": {
        "precision": 0.84,
        "recall": 0.75,
        "f1-score": 0.7924528301886793,
        "support": 28.0
      },
      "1": {
        "precision": 0.8055555555555556,
        "recall": 0.8787878787878788,
        "f1-score": 0.8405797101449275,
        "support": 33.0
      },
      "accuracy": 0.819672131147541,
      "macro avg": {
        "precision": 0.8227777777777778,
        "recall": 0.8143939393939394,
        "f1-score": 0.8165162701668034,
        "support": 61.0
      },
      "weighted avg": {
        "precision": 0.8213661202185794,
        "recall": 0.819672131147541,
        "f1-score": 0.8184886832797643,
        "support": 61.0
      }
    }
  }
}